config_id,sweep,x_value,mode,total_steps,shape,fault_step,fault_fraction,independent_fraction,expected_target_count,independent_count,ledger_edges,repeats,rollback_precision_mean,rollback_precision_stdev,rollback_recall_mean,rollback_recall_stdev,independent_retention_mean,independent_retention_stdev,target_removed_mean,target_removed_stdev,useful_work_lost_mean,useful_work_lost_stdev,invalid_work_retained_mean,invalid_work_retained_stdev,execution_ms_mean,execution_ms_stdev,rollback_ms_mean,rollback_ms_stdev,rollback_ms_p95,commit_ms_mean,commit_ms_stdev,final_correct_rate,host_clean_rate
0,size,16,causal,16,layered,4,0.266667,0.5625,7,9,8,3,1.0,0.0,1.0,0.0,1.0,0.0,1.0,0.0,0.0,0.0,0.0,0.0,455.193333,56.683459,194.850333,63.481236,251.2374,524.575667,103.517706,1.0,1.0
0,size,16,causal_without_dependencies,16,layered,4,0.266667,0.5625,7,9,0,3,1.0,0.0,0.142857,0.0,1.0,0.0,0.142857,0.0,0.0,0.0,6.0,0.0,384.217333,31.637408,147.965333,30.157972,177.6946,479.261,44.797676,0.0,1.0
0,size,16,temporal,16,layered,4,0.266667,0.5625,7,9,8,3,0.583333,0.0,1.0,0.0,0.444444,0.0,1.0,0.0,5.0,0.0,0.0,0.0,422.178333,32.380242,155.768333,27.685361,183.0723,350.774667,14.009434,0.0,1.0
0,size,16,whole_session,16,layered,4,0.266667,0.5625,7,9,8,3,0.4375,0.0,1.0,0.0,0.0,0.0,1.0,0.0,9.0,0.0,0.0,0.0,396.249333,42.323186,140.065,6.170217,146.151,0.0,0.0,0.0,1.0
1,size,32,causal,32,layered,8,0.258065,0.59375,13,19,17,3,1.0,0.0,1.0,0.0,1.0,0.0,1.0,0.0,0.0,0.0,0.0,0.0,652.587667,37.254853,145.064333,4.782769,149.5954,513.877,35.237917,1.0,1.0
1,size,32,causal_without_dependencies,32,layered,8,0.258065,0.59375,13,19,0,3,1.0,0.0,0.076923,0.0,1.0,0.0,0.076923,0.0,0.0,0.0,12.0,0.0,680.428333,25.245148,137.919667,1.683803,139.5783,713.680667,143.185238,0.0,1.0
1,size,32,temporal,32,layered,8,0.258065,0.59375,13,19,17,3,0.541667,0.0,1.0,0.0,0.421053,0.0,1.0,0.0,11.0,0.0,0.0,0.0,631.996,35.60701,171.312333,35.238851,206.0008,392.46,19.244611,0.0,1.0
1,size,32,whole_session,32,layered,8,0.258065,0.59375,13,19,17,3,0.40625,0.0,1.0,0.0,0.0,0.0,1.0,0.0,19.0,0.0,0.0,0.0,612.212,42.297465,160.374667,10.68045,170.9115,0.0,0.0,0.0,1.0
2,size,64,causal,64,layered,16,0.253968,0.609375,25,39,34,3,1.0,0.0,1.0,0.0,1.0,0.0,1.0,0.0,0.0,0.0,0.0,0.0,1385.366667,227.906165,208.890667,64.80375,272.744,817.940667,96.554086,1.0,1.0
2,size,64,causal_without_dependencies,64,layered,16,0.253968,0.609375,25,39,0,3,1.0,0.0,0.04,0.0,1.0,0.0,0.04,0.0,0.0,0.0,24.0,0.0,1176.934,72.8327,179.715333,65.918557,244.6355,1032.187667,31.533964,0.0,1.0
2,size,64,temporal,64,layered,16,0.253968,0.609375,25,39,34,3,0.520833,0.0,1.0,0.0,0.410256,0.0,1.0,0.0,23.0,0.0,0.0,0.0,1223.162333,22.220504,228.242,41.070257,268.6788,481.427333,57.738501,0.0,1.0
2,size,64,whole_session,64,layered,16,0.253968,0.609375,25,39,34,3,0.390625,0.0,1.0,0.0,0.0,0.0,1.0,0.0,39.0,0.0,0.0,0.0,1193.630333,54.659425,212.192667,20.056598,229.8578,0.0,0.0,0.0,1.0
3,shape,chain,causal,32,chain,8,0.258065,0.59375,13,19,12,3,1.0,0.0,1.0,0.0,1.0,0.0,1.0,0.0,0.0,0.0,0.0,0.0,661.364667,76.437251,177.772,47.206784,224.2398,547.516667,90.700994,1.0,1.0
3,shape,chain,causal_without_dependencies,32,chain,8,0.258065,0.59375,13,19,0,3,1.0,0.0,0.076923,0.0,1.0,0.0,0.076923,0.0,0.0,0.0,12.0,0.0,615.960667,57.087162,138.589,1.979699,140.5421,735.870333,76.491173,0.0,1.0
3,shape,chain,temporal,32,chain,8,0.258065,0.59375,13,19,12,3,0.541667,0.0,1.0,0.0,0.421053,0.0,1.0,0.0,11.0,0.0,0.0,0.0,626.444,49.465581,154.484333,10.122645,164.2904,372.1,21.700001,0.0,1.0
3,shape,chain,whole_session,32,chain,8,0.258065,0.59375,13,19,12,3,0.40625,0.0,1.0,0.0,0.0,0.0,1.0,0.0,19.0,0.0,0.0,0.0,654.081,34.01255,162.545667,3.525483,165.2591,0.001333,0.000577,0.0,1.0
4,shape,fanout,causal,32,fanout,8,0.258065,0.59375,13,19,12,3,1.0,0.0,1.0,0.0,1.0,0.0,1.0,0.0,0.0,0.0,0.0,0.0,634.053667,69.757046,145.268333,11.081543,156.2011,503.975667,57.857945,1.0,1.0
4,shape,fanout,causal_without_dependencies,32,fanout,8,0.258065,0.59375,13,19,0,3,1.0,0.0,0.076923,0.0,1.0,0.0,0.076923,0.0,0.0,0.0,12.0,0.0,700.97,11.565336,138.672,4.969512,143.5748,752.421333,48.489527,0.0,1.0
4,shape,fanout,temporal,32,fanout,8,0.258065,0.59375,13,19,12,3,0.541667,0.0,1.0,0.0,0.421053,0.0,1.0,0.0,11.0,0.0,0.0,0.0,654.942667,60.498609,182.914667,55.698998,237.8641,419.559333,62.444505,0.0,1.0
4,shape,fanout,whole_session,32,fanout,8,0.258065,0.59375,13,19,12,3,0.40625,0.0,1.0,0.0,0.0,0.0,1.0,0.0,19.0,0.0,0.0,0.0,765.914667,64.414362,167.802667,2.846846,170.5104,0.000333,0.000577,0.0,1.0
5,shape,layered,causal,32,layered,8,0.258065,0.59375,13,19,17,3,1.0,0.0,1.0,0.0,1.0,0.0,1.0,0.0,0.0,0.0,0.0,0.0,619.553333,55.537824,143.585333,6.954611,150.4375,498.807,38.779955,1.0,1.0
5,shape,layered,causal_without_dependencies,32,layered,8,0.258065,0.59375,13,19,0,3,1.0,0.0,0.076923,0.0,1.0,0.0,0.076923,0.0,0.0,0.0,12.0,0.0,655.348333,92.192148,153.503333,34.202562,187.2119,851.741667,376.847549,0.0,1.0
5,shape,layered,temporal,32,layered,8,0.258065,0.59375,13,19,17,3,0.541667,0.0,1.0,0.0,0.421053,0.0,1.0,0.0,11.0,0.0,0.0,0.0,604.063333,33.104161,149.65,2.100904,151.5918,406.129333,12.189669,0.0,1.0
5,shape,layered,whole_session,32,layered,8,0.258065,0.59375,13,19,17,3,0.40625,0.0,1.0,0.0,0.0,0.0,1.0,0.0,19.0,0.0,0.0,0.0,779.649333,24.78892,215.925333,47.695651,254.7036,0.000333,0.000577,0.0,1.0
6,fault_position,0.1,causal,32,layered,3,0.096774,0.53125,15,17,20,3,1.0,0.0,1.0,0.0,1.0,0.0,1.0,0.0,0.0,0.0,0.0,0.0,766.138667,94.055488,150.467,8.286386,158.1617,517.167333,76.751852,1.0,1.0
6,fault_position,0.1,causal_without_dependencies,32,layered,3,0.096774,0.53125,15,17,0,3,1.0,0.0,0.066667,0.0,1.0,0.0,0.066667,0.0,0.0,0.0,14.0,0.0,639.463,76.720694,190.723,52.724848,240.9988,724.953333,64.065465,0.0,1.0
6,fault_position,0.1,temporal,32,layered,3,0.096774,0.53125,15,17,20,3,0.517241,0.0,1.0,0.0,0.176471,0.0,1.0,0.0,14.0,0.0,0.0,0.0,797.175333,130.150448,193.208,59.682336,252.0886,414.678333,105.908617,0.0,1.0
6,fault_position,0.1,whole_session,32,layered,3,0.096774,0.53125,15,17,20,3,0.46875,0.0,1.0,0.0,0.0,0.0,1.0,0.0,17.0,0.0,0.0,0.0,900.847,192.055403,313.851,212.506147,523.4611,0.000333,0.000577,0.0,1.0
7,fault_position,0.5,causal,32,layered,16,0.516129,0.71875,9,23,11,3,1.0,0.0,1.0,0.0,1.0,0.0,1.0,0.0,0.0,0.0,0.0,0.0,595.802,30.62286,162.552667,26.552528,188.3273,604.959333,97.549301,1.0,1.0
7,fault_position,0.5,causal_without_dependencies,32,layered,16,0.516129,0.71875,9,23,0,3,1.0,0.0,0.111111,0.0,1.0,0.0,0.111111,0.0,0.0,0.0,8.0,0.0,617.643,70.229327,167.825333,32.099935,188.1707,651.920333,65.311603,0.0,1.0
7,fault_position,0.5,temporal,32,layered,16,0.516129,0.71875,9,23,11,3,0.5625,0.0,1.0,0.0,0.695652,0.0,1.0,0.0,7.0,0.0,0.0,0.0,733.457333,27.370384,193.335333,33.417111,212.8576,487.538333,63.296377,0.0,1.0
7,fault_position,0.5,whole_session,32,layered,16,0.516129,0.71875,9,23,11,3,0.28125,0.0,1.0,0.0,0.0,0.0,1.0,0.0,23.0,0.0,0.0,0.0,653.976333,38.589066,196.196333,30.116343,221.9437,0.0,0.0,0.0,1.0
8,fault_position,0.75,causal,32,layered,24,0.774194,0.84375,5,27,5,3,1.0,0.0,1.0,0.0,1.0,0.0,1.0,0.0,0.0,0.0,0.0,0.0,763.412333,69.829469,159.871,24.896507,184.4229,831.201,220.573818,1.0,1.0
8,fault_position,0.75,causal_without_dependencies,32,layered,24,0.774194,0.84375,5,27,0,3,1.0,0.0,0.2,0.0,1.0,0.0,0.2,0.0,0.0,0.0,4.0,0.0,594.417,46.083302,153.239,27.579815,180.431,638.284,15.250919,0.0,1.0
8,fault_position,0.75,temporal,32,layered,24,0.774194,0.84375,5,27,5,3,0.625,0.0,1.0,0.0,0.888889,0.0,1.0,0.0,3.0,0.0,0.0,0.0,687.794667,46.176935,187.159,30.836783,209.9379,703.859667,5.900733,0.0,1.0
8,fault_position,0.75,whole_session,32,layered,24,0.774194,0.84375,5,27,5,3,0.15625,0.0,1.0,0.0,0.0,0.0,1.0,0.0,27.0,0.0,0.0,0.0,650.701,108.005074,163.018667,46.691586,205.1688,0.0,0.0,0.0,1.0
9,independence,0.25,causal,32,layered,8,0.258065,0.4375,18,14,23,3,1.0,0.0,1.0,0.0,1.0,0.0,1.0,0.0,0.0,0.0,0.0,0.0,612.983667,48.408686,173.272,20.309226,193.3043,441.228333,19.82365,1.0,1.0
9,independence,0.25,causal_without_dependencies,32,layered,8,0.258065,0.4375,18,14,0,3,1.0,0.0,0.055556,0.0,1.0,0.0,0.055556,0.0,0.0,0.0,17.0,0.0,630.041333,27.420632,133.725667,4.062848,137.721,629.167667,43.980795,0.0,1.0
9,independence,0.25,temporal,32,layered,8,0.258065,0.4375,18,14,23,3,0.75,0.0,1.0,0.0,0.571429,0.0,1.0,0.0,6.0,0.0,0.0,0.0,665.754,63.194091,151.167333,3.740509,154.7433,373.566,33.754122,0.0,1.0
9,independence,0.25,whole_session,32,layered,8,0.258065,0.4375,18,14,23,3,0.5625,0.0,1.0,0.0,0.0,0.0,1.0,0.0,14.0,0.0,0.0,0.0,655.511333,68.737277,184.765333,28.748263,213.0368,0.0,0.0,0.0,1.0
10,independence,0.5,causal,32,layered,8,0.258065,0.59375,13,19,17,3,1.0,0.0,1.0,0.0,1.0,0.0,1.0,0.0,0.0,0.0,0.0,0.0,590.535667,63.80238,144.069667,1.775105,145.4317,510.172,45.862793,1.0,1.0
10,independence,0.5,causal_without_dependencies,32,layered,8,0.258065,0.59375,13,19,0,3,1.0,0.0,0.076923,0.0,1.0,0.0,0.076923,0.0,0.0,0.0,12.0,0.0,610.879,35.347212,133.19,0.521036,133.7017,679.219667,39.895012,0.0,1.0
10,independence,0.5,temporal,32,layered,8,0.258065,0.59375,13,19,17,3,0.541667,0.0,1.0,0.0,0.421053,0.0,1.0,0.0,11.0,0.0,0.0,0.0,613.623333,60.754096,154.589,3.235542,157.6864,411.016667,51.883497,0.0,1.0
10,independence,0.5,whole_session,32,layered,8,0.258065,0.59375,13,19,17,3,0.40625,0.0,1.0,0.0,0.0,0.0,1.0,0.0,19.0,0.0,0.0,0.0,623.952667,46.207763,155.694667,1.661749,157.329,0.000333,0.000577,0.0,1.0
11,independence,0.75,causal,32,layered,8,0.258065,0.78125,7,25,8,3,1.0,0.0,1.0,0.0,1.0,0.0,1.0,0.0,0.0,0.0,0.0,0.0,732.360667,191.970092,140.27,2.441568,142.38,712.551667,179.751481,1.0,1.0
11,independence,0.75,causal_without_dependencies,32,layered,8,0.258065,0.78125,7,25,0,3,1.0,0.0,0.142857,0.0,1.0,0.0,0.142857,0.0,0.0,0.0,6.0,0.0,637.538,25.459628,133.911667,5.046954,137.9806,717.528667,147.802443,0.0,1.0
11,independence,0.75,temporal,32,layered,8,0.258065,0.78125,7,25,8,3,0.291667,0.0,1.0,0.0,0.32,0.0,1.0,0.0,17.0,0.0,0.0,0.0,703.476,62.257943,183.428667,32.253027,214.1993,450.731333,17.867611,0.0,1.0
11,independence,0.75,whole_session,32,layered,8,0.258065,0.78125,7,25,8,3,0.21875,0.0,1.0,0.0,0.0,0.0,1.0,0.0,25.0,0.0,0.0,0.0,630.472,26.175363,188.24,28.184288,206.7562,0.000333,0.000577,0.0,1.0
