suite,mode,length,repeats,wall_mean_s,wall_stdev_s,wall_p50_s,wall_p95_s,per_step_mean_ms,failures_mean,host_polluted,per_step_stdev_ms
motivation_runtime_comparison,bare,54,2,2.914393,0.015137,2.914393,2.924026,53.97,2.0,True,0.28
motivation_runtime_comparison,agenttx_without_read_tracing,54,2,8.030396,1.494366,8.030396,8.981405,148.711,2.0,False,27.673
motivation_runtime_comparison,agenttx_full,54,2,11.086647,0.690069,11.086647,11.525805,205.308,2.0,False,12.779
motivation_runtime_comparison,bare,64,2,2.881745,0.00654,2.881745,2.885907,45.027,2.0,True,0.102
motivation_runtime_comparison,agenttx_without_read_tracing,64,2,7.376768,0.202336,7.376768,7.505534,115.262,2.0,False,3.161
motivation_runtime_comparison,agenttx_full,64,2,10.576071,0.11382,10.576071,10.648505,165.251,2.0,False,1.778
motivation_runtime_comparison,bare,96,2,2.999903,0.032804,2.999903,3.020779,31.249,2.0,True,0.342
motivation_runtime_comparison,agenttx_without_read_tracing,96,2,7.832704,0.165252,7.832704,7.937869,81.591,2.0,False,1.721
motivation_runtime_comparison,agenttx_full,96,2,11.219481,0.130963,11.219481,11.302826,116.87,2.0,False,1.364
